[{
 	"title": "Demographics and Employment in the United States",
 	"activityType": "quiz",
 	"quizDescription": [{
 		"text": "demographics and employment in the united states<br><br>In the wake of the Great Recession of 2009, there has been a good deal of focus on employment statistics, one of the most important metrics policymakers use to gauge the overall strength of the economy. In the United States, the government measures unemployment using the Current Population Survey (CPS), which collects demographic and employment information from a wide range of Americans each month. In this exercise, we will employ the topics reviewed in the lectures as well as a few new techniques using the September 2013 version of this rich, nationally representative dataset (available <a href=\"http://thedataweb.rm.census.gov/ftp/cps_ftp.html\"> online</a><br><br> The observations in the dataset represent people surveyed in the September 2013 CPS who actually completed a survey. While the full dataset has 385 variables, in this exercise we will use a more compact version of the dataset,The observations in the dataset represent people surveyed in the September 2013 CPS who actually completed a survey. While the full dataset has 385 variables, in this exercise we will use a more compact version of the dataset, <a href=\"https://prod-edxapp.edx-cdn.org/assets/courseware/v1/f041f6c100061fc06bc3b6320e6512fa/asset-v1:MITx+15.071x+3T2018+type@asset+block/CPSData.csv\">CPSData.csv</a> which has the following variables:, <ul><li><b>PeopleInHousehold:</b> The number of people in the interviewee's household.</li><li><b>Region:</b> The census region where the interviewee lives.</li><li><b>State:</b> The state where the interviewee lives.</li><li><b>MetroAreaCode:</b> A code that identifies the metropolitan area in which the interviewee lives (missing if the interviewee does not live in a metropolitan area). The mapping from codes to names of metropolitan areas is provided in the file <a href=\"https://prod-edxapp.edx-cdn.org/assets/courseware/v1/fd88455abc1b5b69112daf70f3bb0c77/asset-v1:MITx+15.071x+3T2018+type@asset+block/MetroAreaCodes.csv\">MetroAreaCodes.csv</a></li><li><b>Age:</b> The age, in years, of the interviewee. 80 represents people aged 80-84, and 85 represents people aged 85 and higher.</li><li><b>Married:</b> The marriage status of the interviewee.</li><li><b>Sex:</b> The sex of the interviewee.</li><li><b>Education:</b> The maximum level of education obtained by the interviewee.</li><li><b>Race:</b> The race of the interviewee.</li><li><b>Hispanic:</b> Whether the interviewee is of Hispanic ethnicity.<li><li><b>CountryOfBirthCode:</b> A code identifying the country of birth of the interviewee. The mapping from codes to names of countries is provided in the file <a href=\"https://prod-edxapp.edx-cdn.org/assets/courseware/v1/763710fa6703caea1cf9c708e31e99a3/asset-v1:MITx+15.071x+3T2018+type@asset+block/CountryCodes.csv\">CountryCodes.csv</a></li><li><b>Citizenship:</b> The United States citizenship status of the interviewee.</li><li><b>EmploymentStatus:</b> The status of employment of the interviewee.</li><li><b>Industry:</b> The industry of employment of the interviewee (only available if they are employed).</li></ul>"
 	}],
 	"questions": [{
 			"questionType": "mcq",
 			"questionText": [{
 				"text": "Load the dataset from <a href=\"https://prod-edxapp.edx-cdn.org/assets/courseware/v1/f041f6c100061fc06bc3b6320e6512fa/asset-v1:MITx+15.071x+3T2018+type@asset+block/CPSData.csv\">CPSData.csv</a> into a data frame called CPS, and view the dataset with the summary() and str() commands. How many interviewees are in the dataset?"
 			}],
 			"max_marks": 1,
 			"options": [{
 					"option": "131304",
 					"correct": "False"
 				},
 				{
 					"option": "131302",
 					"correct": "True"
 				},
 				{
 					"option": "131305",
 					"correct": "False"
 				},
 				{
 					"option": "131304",
 					"correct": "False"
 				}
 			],
 			"correct_feedback": "Correct",
 			"wrong_feedback": "Incorrect"
 		},
		{
			"questionType": "mcq",
			"questionText": [{
				"text": "Problem - Loading and Summarizing the Dataset. Among the interviewees with a value reported for the Industry variable, what is the most common industry of employment? "
			}],
			"max_marks": 1,
			"options": [{
					"option": "Educational services",
					"correct": "False"
				},
				{
					"option": "Health services",
					"correct": "False"
				},
				{
					"option": "Educational and health services",
					"correct": "True"
				},
				{
					"option": "None of the above",
					"correct": "False"
				}
			],
			"correct_feedback": "Correct",
			"wrong_feedback": "Incorrect"
		},
		{
			"questionType": "mcq",
			"questionText": [{
				"text": "Problem : Loading and Summarizing the Dataset . Recall from the homework assignment \"The Analytical Detective \" that you can call the sort() function on the output of the table() function to obtain a sorted breakdown of a variable. For instance, sort(table(CPS$Region)) sorts the regions by the number of interviewees from that region.<br>Which state has the fewest interviewees?"
			}],
			"max_marks": 1,
			"options": [{
					"option": "California",
					"correct": "False"
				},
				{
					"option": "New Mexico",
					"correct": "True"
				},
				{
					"option": "New Mexico and California",
					"correct": "False"
				},
				{
					"option": "None of the above",
					"correct": "False"
				}
			],
			"correct_feedback": "Correct",
			"wrong_feedback": "Incorrect"
		},
		{
			"questionType": "mcq",
			"questionText": [{
				"text": "Which state has the largest number of interviewees?"
			}],
			"max_marks": 1,
			"options": [{
					"option": "California",
					"correct": "True"
				},
				{
					"option": "New Mexico",
					"correct": "False"
				},
				{
					"option": "New Mexico and California",
					"correct": "False"
				},
				{
					"option": "None of the above",
					"correct": "False"
				}
			],
			"correct_feedback": "Correct",
			"wrong_feedback": "Incorrect"
		},
		{
			"questionType": "mcq",
			"questionText": [{
				"text": "Problem  Loading and Summarizing the Dataset : What proportion of interviewees are citizens of the United States?"
			}],
			"max_marks": 1,
			"options": [{
					"option": "0.941",
					"correct": "False"
				},
				{
					"option": "0.942",
					"correct": "True"
				},
				{
					"option": "0.943",
					"correct": "False"
				},
				{
					"option": "0.944",
					"correct": "False"
				}
			],
			"correct_feedback": "Correct",
			"wrong_feedback": "Incorrect"
		},
		{
			"questionType": "checkbox",
			"questionText": [{
				"text": "Problem  - Loading and Summarizing the Dataset : The CPS differentiates between race (with possible values American Indian, Asian, Black, Pacific Islander, White, or Multiracial) and ethnicity. A number of interviewees are of Hispanic ethnicity, as captured by the Hispanic variable. For which races are there at least 250 interviewees in the CPS dataset of Hispanic ethnicity? (Select all that apply.)"
			}],
			"max_marks": 1,
			"options": [{
					"option": "American Indian",
					"correct": "True"
				},
				{
					"option": "Asian",
					"correct": "False"
				},
				{
					"option": "Black",
					"correct": "True"
				},
				{
					"option": "Multiracial",
					"correct": "True"
				},
				{
					"option": "Pacific Islander",
					"correct": "False"
				},
				{
					"option": "White",
					"correct": "True"
				}
			],
			"correct_feedback": "Correct",
			"wrong_feedback": "Incorrect"
		},
		{
			"questionType": "checkbox",
			"questionText": [{
				"text": "Problem - Evaluating Missing Values : Which variables have at least one interviewee with a missing (NA) value? (Select all that apply.)"
			}],
			"max_marks": 1,
			"options": [{
					"option": "PeopleInHousehold",
					"correct": "False"
				},
				{
					"option": "Region",
					"correct": "False"
				},
				{
					"option": "State",
					"correct": "False"
				},
				{
					"option": "MetroAreaCode",
					"correct": "True"
				},
				{
					"option": "Age",
					"correct": "False"
				},
				{
					"option": "Married",
					"correct": "True"
				},
				{
					"option": "Sex",
					"correct": "False"
				},
				{
					"option": "Education",
					"correct": "True"
				},
				{
					"option": "Race",
					"correct": "False"
				},
				{
					"option": "Hispanic",
					"correct": "False"
				},
				{
					"option": "CountryOfBirthCode",
					"correct": "False"
				},
				{
					"option": "Citizenship",
					"correct": "False"
				},
				{
					"option": "EmploymentStatus",
					"correct": "True"
				},
				{
					"option": "Industry",
					"correct": "True"
				}
			],
			"correct_feedback": "Correct",
			"wrong_feedback": "Incorrect"
		},
		{
			"questionType": "mcq",
			"questionText": [{
				"text": "Often when evaluating a new dataset, we try to identify if there is a pattern in the missing values in the dataset. We will try to determine if there is a pattern in the missing values of the Married variable. The function is.na(CPS$Married) returns a vector of TRUE/FALSE values for whether the Married variable is missing. We can see the breakdown of whether Married is missing based on the reported value of the Region variable with the function table(CPS$Region, is.na(CPS$Married)). Which is the most accurate:"
			}],
			"max_marks": 1,
			"options": [{
					"option": "The Married variable being missing is related to the Region value for the interviewee.",
					"correct": "False"
				},
				{
					"option": "The Married variable being missing is related to the Sex value for the interviewee.",
					"correct": "False"
				},
				{
					"option": "The Married variable being missing is related to the Age value for the interviewee.",
					"correct": "True"
				},
				{
					"option": "The Married variable being missing is related to the Citizenship value for the interviewee.",
					"correct": "False"
				},
				{
					"option": "The Married variable being missing is not related to the Region, Sex, Age, or Citizenship value for the interviewee.",
					"correct": "False"
				}
			],
			"correct_feedback": "Correct",
			"wrong_feedback": "Incorrect"
		},
		{
			"questionType": "mcq",
			"questionText": [{
				"text": "Problem 2.3 - Evaluating Missing Values : As mentioned in the variable descriptions, MetroAreaCode is missing if an interviewee does not live in a metropolitan area. Using the same technique as in the previous question, answer the following questions about people who live in non-metropolitan areas. How many states had all interviewees living in a non-metropolitan area (aka they have a missing MetroAreaCode value)? For this question, treat the District of Columbia as a state (even though it is not technically a state)."
			}],
			"max_marks": 1,
			"options": [{
					"option": "1",
					"correct": "False"
				},
				{
					"option": "2",
					"correct": "True"
				},
				{
					"option": "3",
					"correct": "False"
				}
			],
			"correct_feedback": "Correct",
			"wrong_feedback": "Incorrect"
		},
		{
			"questionType": "mcq",
			"questionText": [{
				"text": "How many states had all interviewees living in a metropolitan area? Again, treat the District of Columbia as a state."
			}],
			"max_marks": 1,
			"options": [{
					"option": "1",
					"correct": "False"
				},
				{
					"option": "2",
					"correct": "False"
				},
				{
					"option": "3",
					"correct": "True"
				}
			],
			"correct_feedback": "Correct",
			"wrong_feedback": "Incorrect"
		},
		{
			"questionType": "mcq",
			"questionText": [{
				"text": "Problem  - Evaluating Missing Values : Which region of the United States has the largest proportion of interviewees living in a non-metropolitan area?"
			}],
			"max_marks": 1,
			"options": [{
					"option": "Midwest",
					"correct": "True"
				},
				{
					"option": "Northeast",
					"correct": "False"
				},
				{
					"option": "South",
					"correct": "False"
				},
				{
					"option": "West",
					"correct": "False"
				}
			],
			"correct_feedback": "Correct",
			"wrong_feedback": "Incorrect"
		},
		{
			"questionType": "mcq",
			"questionText": [{
				"text": "Problem - Evaluating Missing Values : While we were able to use the table() command to compute the proportion of interviewees from each region not living in a metropolitan area, it was somewhat tedious (it involved manually computing the proportion for each region) and isn't something you would want to do if there were a larger number of options. It turns out there is a less tedious way to compute the proportion of values that are TRUE. The mean() function, which takes the average of the values passed to it, will treat TRUE as 1 and FALSE as 0, meaning it returns the proportion of values that are true. For instance, mean(c(TRUE, FALSE, TRUE, TRUE)) returns 0.75. Knowing this, use tapply() with the mean function to answer the following questions: Which state has a proportion of interviewees living in a non-metropolitan area closest to 30%?"
			}],
			"max_marks": 1,
			"options": [{
					"option": "Wisconsin",
					"correct": "True"
				},
				{
					"option": "Montana",
					"correct": "False"
				},
				{
					"option": "California",
					"correct": "False"
				}
			],
			"correct_feedback": "Correct",
			"wrong_feedback": "Incorrect"
		},
		{
			"questionType": "mcq",
			"questionText": [{
				"text": "Which state has the largest proportion of non-metropolitan interviewees, ignoring states where all interviewees were non-metropolitan?"
			}],
			"max_marks": 1,
			"options": [{
					"option": "Wisconsin",
					"correct": "False"
				},
				{
					"option": "Montana",
					"correct": "True"
				},
				{
					"option": "California",
					"correct": "False"
				}
			],
			"correct_feedback": "Correct",
			"wrong_feedback": "Incorrect"
		},
		{
			"questionType": "mcq",
			"questionText": [{
				"text": "Problem Integrating Metropolitan Area Data Codes like MetroAreaCode and CountryOfBirthCode are a compact way to encode factor variables with text as their possible values, and they are therefore quite common in survey datasets. In fact, all but one of the variables in this dataset were actually stored by a numeric code in the original CPS datafile. When analyzing a variable stored by a numeric code, we will often want to convert it into the values the codes represent. To do this, we will use a dictionary, which maps the the code to the actual value of the variable. We have provided dictionaries <a href=\"https://prod-edxapp.edx-cdn.org/assets/courseware/v1/fd88455abc1b5b69112daf70f3bb0c77/asset-v1:MITx+15.071x+3T2018+type@asset+block/MetroAreaCodes.csv\">MetroAreaCodes.csv</a> and <a href=\"https://prod-edxapp.edx-cdn.org/assets/courseware/v1/763710fa6703caea1cf9c708e31e99a3/asset-v1:MITx+15.071x+3T2018+type@asset+block/CountryCodes.csv\">CountryCodes.csv</a> which respectively map MetroAreaCode and CountryOfBirthCode into their true values. Read these two dictionaries into data frames MetroAreaMap and CountryMap. How many observations (codes for metropolitan areas) are there in MetroAreaMap?"
			}],
			"max_marks": 1,
			"options": [{
					"option": "271",
					"correct": "True"
				},
				{
					"option": "272",
					"correct": "False"
				},
				{
					"option": "273",
					"correct": "False"
				},
				{
					"option": "274",
					"correct": "False"
				}
			],
			"correct_feedback": "Correct",
			"wrong_feedback": "Incorrect"
		},
		{
			"questionType": "mcq",
			"questionText": [{
				"text": "How many observations (codes for countries) are there in CountryMap?"
			}],
			"max_marks": 1,
			"options": [{
					"option": "148",
					"correct": "False"
				},
				{
					"option": "149",
					"correct": "True"
				},
				{
					"option": "146",
					"correct": "False"
				},
				{
					"option": "147",
					"correct": "False"
				}
			],
			"correct_feedback": "Correct",
			"wrong_feedback": "Incorrect"
		},
		{
			"questionType": "mcq",
			"questionText": [{
				"text": "Problem - Integrating Metropolitan Area Data <br>To merge in the metropolitan areas, we want to connect the field MetroAreaCode from the CPS data frame with the field Code in<br>MetroAreaMap. The following command merges the two data frames on these columns, overwriting the CPS data frame with the result:<br>CPS = merge(CPS, MetroAreaMap, by.x=\"MetroAreaCode\", by.y=\"Code\", all.x=TRUE)<br>The first two arguments determine the data frames to be merged (they are called \"x\" and \"y\", respectively, in the subsequent parameters to the merge function). by.x=\"MetroAreaCode\" means we're matching on the MetroAreaCode variable from the \"x\" data frame (CPS), while by.y=\"Code\" means we're matching on the Code variable from the \"y\" data frame (MetroAreaMap). Finally, all.x=TRUE means we want to keep all rows from the \"x\" data frame (CPS), even if some of the rows' MetroAreaCode doesn't match any codes in MetroAreaMap (for those familiar with database terminology, this parameter makes the operation a left outer join instead of an inner join).<br>Review the new version of the CPS data frame with the summary() and str() functions. What is the name of the variable that was added to the data frame by the merge() operation?"
			}],
			"max_marks": 1,
			"options": [{
					"option": "MetroArea",
					"correct": "True"
				},
				{
					"option": "Name",
					"correct": "False"
				},
				{
					"option": "Age",
					"correct": "False"
				},
				{
					"option": "Area",
					"correct": "False"
				}
			],
			"correct_feedback": "Correct",
			"wrong_feedback": "Incorrect"
		},
		{
			"questionType": "mcq",
			"questionText": [{
				"text": "How many interviewees have a missing value for the new metropolitan area variable? Note that all of these interviewees would have been removed from the merged data frame if we did not include the all.x=TRUE parameter."
			}],
			"max_marks": 1,
			"options": [{
					"option": "34237",
					"correct": "False"
				},
				{
					"option": "34238",
					"correct": "True"
				},
				{
					"option": "34239",
					"correct": "False"
				},
				{
					"option": "34230",
					"correct": "False"
				}
			],
			"correct_feedback": "Correct",
			"wrong_feedback": "Incorrect"
		},
		{
			"questionType": "mcq",
			"questionText": [{
				"text": "Problem - Integrating Metropolitan Area Data : Which of the following metropolitan areas has the largest number of interviewees?"
			}],
			"max_marks": 1,
			"options": [{
					"option": "Atlanta-Sandy Springs-Marietta,GA",
					"correct": "False"
				},
				{
					"option": "Baltimore-Towson,MD",
					"correct": "False"
				},
				{
					"option": "Boston-Cambridge-Quincy, MA-NH",
					"correct": "True"
				},
				{
					"option": "San Francisco-Oakland-Fremont, CA",
					"correct": "False"
				}
			],
			"correct_feedback": "Correct",
			"wrong_feedback": "Incorrect"
		},
		{
			"questionType": "mcq",
			"questionText": [{
				"text": "Problem - Integrating Metropolitan Area Data : Which metropolitan area has the highest proportion of interviewees of Hispanic ethnicity? Hint: Use tapply() with mean, as in the previous subproblem. Calling sort() on the output of tapply() could also be helpful here."
			}],
			"max_marks": 1,
			"options": [{
					"option": "Seal",
					"correct": "False"
				},
				{
					"option": "Laredo, TX",
					"correct": "True"
				}
			],
			"correct_feedback": "Correct",
			"wrong_feedback": "Incorrect"
		},
		{
			"questionType": "mcq",
			"questionText": [{
				"text": "Problem - Integrating Metropolitan Area Data<br>Remembering that CPS$Race == \"Asian \" returns a TRUE/FALSE vector of whether an interviewee is Asian, determine the number of metropolitan areas in the United States from which at least 20% of interviewees are Asian."
			}],
			"max_marks": 1,
			"options": [{
					"option": "3",
					"correct": "False"
				},
				{
					"option": "4",
					"correct": "True"
				},
				{
					"option": "5",
					"correct": "False"
				}
			],
			"correct_feedback": "Correct",
			"wrong_feedback": "Incorrect"
		},
		{
			"questionType": "mcq",
			"questionText": [{
				"text": "Problem - Integrating Metropolitan Area Data<br>Normally, we would look at the sorted proportion of interviewees from each metropolitan area who have not received a high school diploma with the command:<br>sort(tapply(CPS$Education == \"No high school diploma \", CPS$MetroArea, mean))<br>However, none of the interviewees aged 14 and younger have an education value reported, so the mean value is reported as NA for each  metropolitan area. To get mean (and related functions, like sum) to ignore missing values, you can pass the parameter na.rm=TRUE. Passing na.rm=TRUE to the tapply function, determine which metropolitan area has the smallest proportion of interviewees who have received no high school diploma."
			}],
			"max_marks": 1,
			"options": [{
					"option": "Iowa City, IA",
					"correct": "True"
				},
				{
					"option": "Iowa",
					"correct": "False"
				},
				{
					"option": "IK",
					"correct": "False"
				}
			],
			"correct_feedback": "Correct",
			"wrong_feedback": "Incorrect"
		},
		{
			"questionType": "mcq",
			"questionText": [{
				"text": "Problem- Integrating Country of Birth Data <br>Just as we did with the metropolitan area information, merge in the country of birth information from the CountryMap data frame, replacing the CPS data frame with the result. If you accidentally overwrite CPS with the wrong values, remember that you can restore it by re-loading the data frame from CPSData.csv and then merging in the metropolitan area information using the command provided in the previous subproblem.<br>What is the name of the variable added to the CPS data frame by this merge operation?"
			}],
			"max_marks": 1,
			"options": [{
					"option": "name",
					"correct": "False"
				},
				{
					"option": "Country",
					"correct": "True"
				},
				{
					"option": "age",
					"correct": "False"
				}
			],
			"correct_feedback": "Correct",
			"wrong_feedback": "Incorrect"
		},
		{
			"questionType": "mcq",
			"questionText": [{
				"text": "How many interviewees have a missing value for the new country of birth variable?"
			}],
			"max_marks": 1,
			"options": [{
					"option": "177",
					"correct": "False"
				},
				{
					"option": "176",
					"correct": "True"
				},
				{
					"option": "178",
					"correct": "False"
				}
			],
			"correct_feedback": "Correct",
			"wrong_feedback": "Incorrect"
		},
		{
			"questionType": "mcq",
			"questionText": [{
				"text": "Problem  - Integrating Country of Birth Data<br>Among all interviewees born outside of North America, which country was the most common place of birth?"
			}],
			"max_marks": 1,
			"options": [{
					"option": "North America",
					"correct": "False"
				},
				{
					"option": "United States",
					"correct": "False"
				},
				{
					"option": "Philippines",
					"correct": "True"
				}
			],
			"correct_feedback": "Correct",
			"wrong_feedback": "Incorrect"
		},
		{
			"questionType": "mcq",
			"questionText": [{
				"text": "Problem - Integrating Country of Birth Data<br>What proportion of the interviewees from the \"New York - Northern New Jersey - Long Island, NY - NJ - PA \" metropolitan area have a country of birth that is not the United States? For this computation, don't include people from this metropolitan area who have a missing country of birth."
			}],
			"max_marks": 1,
			"options": [{
					"option": "0.300",
					"correct": "False"
				},
				{
					"option": "0.309",
					"correct": "True"
				}
			],
			"correct_feedback": "Correct",
			"wrong_feedback": "Incorrect"
		},
		{
			"questionType": "mcq",
			"questionText": [{
				"text": "Problem :  Integrating Country of Birth Data : Which metropolitan area has the largest number (note -- not proportion) of interviewees with a country of birth in India? Hint -- remember to include na.rm=TRUE if you are using tapply() to answer this question."
			}],
			"max_marks": 1,
			"options": [{
					"option": "Boston-Cambridge-Quincy, MA-NH",
					"correct": "False"
				},
				{
					"option": "Minneapolis-St Paul-Bloomington, MN-WI",
					"correct": "False"
				},
				{
					"option": "New York-Northern New Jersey-Long Island, NY-NJ-PA",
					"correct": "True"
				},
				{
					"option": "Washington-Arlington-Alexandria, DC-VA-MD-WV",
					"correct": "False"
				}
			],
			"correct_feedback": "Correct",
			"wrong_feedback": "Incorrect"
		},
		{
			"questionType": "mcq",
			"questionText": [{
				"text": "In Brazil?"
			}],
			"max_marks": 1,
			"options": [{
					"option": "Boston-Cambridge-Quincy, MA-NH",
					"correct": "True"
				},
				{
					"option": "Minneapolis-St Paul-Bloomington, MN-WI",
					"correct": "False"
				},
				{
					"option": "New York-Northern New Jersey-Long Island, NY-NJ-PA",
					"correct": "False"
				},
				{
					"option": "Washington-Arlington-Alexandria, DC-VA-MD-WV",
					"correct": "False"
				}
			],
			"correct_feedback": "Correct",
			"wrong_feedback": "Incorrect"
		},
		{
			"questionType": "mcq",
			"questionText": [{
				"text": "In Somalia?"
			}],
			"max_marks": 1,
			"options": [{
					"option": "Boston-Cambridge-Quincy, MA-NH",
					"correct": "False"
				},
				{
					"option": "Minneapolis-St Paul-Bloomington, MN-WI",
					"correct": "True"
				},
				{
					"option": "New York-Northern New Jersey-Long Island, NY-NJ-PA",
					"correct": "False"
				},
				{
					"option": "Washington-Arlington-Alexandria, DC-VA-MD-WV",
					"correct": "False"
				}
			],
			"correct_feedback": "Correct",
			"wrong_feedback": "Incorrect"
		}
	]

}]