 [{
	"title": "Quiz-9",
	"activityType": "quiz",
	"quizDescription": [
		{
		"text":"<b>Choose the correct answer below</b>"
	}
	],
	"questions": [
		{
			"questionType": "mcq",
			"questionText": [{
				"text": " Understanding Dates in R . In many datasets, like this one, you have a date field. Unfortunately, R does not automatically recognize entries that look like dates. We need to use a function in R to extract the date and time. Take a look at the first entry of Date (remember to use square brackets when looking at a certain entry of a variable).<br><br>In what format are the entries in the variable Date?"
			}],
			"max_marks": 1,
			"options": [{
					"option": "Month/Day/Year Hour:Minute",
					"correct": "True"
				},

				{
					"option": "Day/Month/Year Hour:Minute",
					"correct": "False"
				},

				{
					"option": "Hour:Minute Month/Day/Year",
					"correct": "False"
				},

				{
					"option": "Hour:Minute Day/Month/Year",
					"correct": "False"
				}

			],
			"correct_feedback": "Correct",
			"wrong_feedback": "Incorrect"
		},
		{
			"questionType": "mcq",
			"questionText": [{
				"text": "Now, let's convert these characters into a Date object in R. In your R console, type<br>DateConvert = as.Date(strptime(mvt$Date, \"%m/%d/%y %H:%M\"))<br>This converts the variable \"Date\" into a Date object in R. Take a look at the variable DateConvert using the summary function. <br>What is the month and year of the median date in our dataset? Enter your answer as \"Month Year\", without the quotes. (Ex: if the answer was 2008-03-28, you would give the answer \"March 2008\", without the quotes.)"
			}],
			"max_marks": 1,
			"options": [{
					"option": "2006-05-20",
					"correct": "False"
				},

				{
					"option": "2006-05-21",
					"correct": "True"
				},

				{
					"option": "2006-05-22",
					"correct": "False"
				},

				{
					"option": "2006-05-22",
					"correct": "False"
				}

			],
			"correct_feedback": "Correct",
			"wrong_feedback": "Incorrect"
		},
		{
		"questionType": "fillintheblank",
		"questionText": [
			{
				"text":"Now, let's extract the month and the day of the week, and add these variables to our data frame mvt. We can do this with two simple functions. Type the following commands in R:<br>mvt$Month = months(DateConvert)<br>mvt$Weekday = weekdays(DateConvert)<br?This creates two new variables in our data frame, Month and Weekday, and sets them equal to the month and weekday values that we can extract from the Date object. Lastly, replace the old Date variable with DateConvert by typing:<br>mvt$Date = DateConvert<br>Using the table command, answer the following questions.<br>In which month did the fewest motor vehicle thefts occur?(Write the full name of the month in lowercase eg : january)"
			}],
		"max_marks": 1,
		"answer": "february",
		"correct_feedback": "Correct",
		"wrong_feedback": "Incorrect"
	},
	{
		"questionType": "fillintheblank",
		"questionText": [
			{
				"text":"On which weekday did the most motor vehicle thefts occur?Write the full name of the week day in lowercase eg : monday)"
			}],
		"max_marks": 1,
		"answer": "friday",
		"correct_feedback": "Correct",
		"wrong_feedback": "Incorrect"
	},
			{
		"questionType": "fillintheblank",
		"questionText": [
			{
				"text":"Each observation in the dataset represents a motor vehicle theft, and the Arrest variable indicates whether an arrest was later made for this theft. Which month has the largest number of motor vehicle thefts for which an arrest was made?<br><br>(Write the full name of the month in lowercase eg : january)"
			}],
		"max_marks": 1,
		"answer": "january",
		"correct_feedback": "Correct",
		"wrong_feedback": "Incorrect"
	}
	]
}]
