[{
	"title": "Assignment-1",
	"activityType": "assignment",
	"questions": [{
			"questionType": "filesubmission",
			"max_marks": 40,
			"graded": true,
			"questionText": "Complete the following 3 assignments from the link:<br> <a href=\"https://courses.edx.org/courses/course-v1:MITx+15.071x+1T2019/courseware/5abd4e9833ed47b2b4eae8827f83d516/aa754f6d17194f3b8a29ec37b8a7f32a/?child=first\">Assignments</a>.<br>1. Election Forecasting Revisited<br>2. Visualizing Network Data<br>3. Visualizing Text Data Using Word Clouds<br>4. Visualizing Attributes of Parole Violators (OPTIONAL)<br>5. Submit the R files of the above assignments."
		}

	]
}]