[
	{
		"title":"Video on Basic Scatterplots Using ggplot",
		"activityType":"youtubevideo",
		"videoURL":"Ad3BXbiPSUc"
	},
	{
	"title":"Basic Scatterplots Using ggplot",
	"activityType": "reading",
	"quizDescription": [
		{
			"text": "In the rest of this lecture, we'll be using the data file <a href=\"https://prod-edxapp.edx-cdn.org/assets/courseware/v1/ccdc87b80d92a9c24de2f04daec5bb58/asset-v1:MITx+15.071x+1T2019+type@asset+block/WHO.csv\">WHO.csv</a>. Please download this file to your computer, and save it to a location that you will remember. This data comes from the <a href=\"http://apps.who.int/gho/data/node.main\">Global Health Observatory Data Repository.</a>"
		}
	]
	}
]