[{
	"title": "Quiz-8",
	"activityType": "quiz",
	"quizDescription": [{
				"text": "Choose the correct answer below"
			}
],
	"questions": [{
			"questionType": "checkbox",
			"questionText": [{
				"text": "For which of the following models should external validation be used? Consider both the population used to train the model, and the population that the model will be used on. (Select all that apply.)"
			}
			
		],
			"max_marks": 1,
			"options": [{
					"option": "A model to predict obesity risk. Data from a random sample of California residents was used to build the model, and we want to use the model to predict the obesity risk of all United States residents.",
					"correct": "True"
				},
				{
					"option": "A model to predict the stress of MIT students. Data from a random sample of MIT students was used to build the model, and we want to use the model to predict the stress level of all MIT students.",
					"correct": "False"
				},
				{
					"option": "A model to predict the probability of a runner winning a marathon. Data from all runners in the Boston Marathon was used to build the model, and we want use the model to predict the probability of winning for all people who run marathons.",
					"correct": "True"
				}
			],
			"correct_feedback": "Correct",
			"wrong_feedback": "Incorrect"
		}
	]

}]