[{
	"title": "Quiz-3",
	"activityType": "quiz",
	"quizDescription": [{
		"text": "This question asks about the following two confusion matrices:<br><br>Confusion Matrix #1:"
	},
	{
              "image" : {
                "imageName" : "",
                  "imageSRC" : "image-3.png"
              }
            },
            {
		"text": "Confusion Matrix #2:"
	},
	{
              "image" : {
                "imageName" : "",
                  "imageSRC" : "image-4.png"
              }
            }
],
	"questions": [{
			"questionType": "mcq",
			"questionText": [{
				"text": "What is the sensitivity of Confusion Matrix #1?"
			}
		],
			"max_marks": 1,
			"options": [{
					"option": "0.2",
					"correct": "False"
				},
				{
					"option": "0.4",
					"correct": "False"
				},
				{
					"option": "0.6",
					"correct": "False"
				},
				{
					"option": "0.8",
					"correct": "True"
				}
			],
			"correct_feedback": "Correct",
			"wrong_feedback": "Incorrect"
		},
		{
			"questionType": "mcq",
			"questionText": [{
				"text": "What is the specificity of Confusion Matrix #1?"
			}
		],
			"max_marks": 1,
			"options": [{
					"option": "0.2",
					"correct": "False"
				},
				{
					"option": "0.4",
					"correct": "False"
				},
				{
					"option": "0.6",
					"correct": "True"
				},
				{
					"option": "0.8",
					"correct": "False"
				}
			],
			"correct_feedback": "Correct",
			"wrong_feedback": "Incorrect"
		},
		{
			"questionType": "mcq",
			"questionText": [{
				"text": "To go from Confusion Matrix #1 to Confusion Matrix #2, did we increase or decrease the threshold value?"
			}],
			"max_marks": 1,
			"options": [{
					"option": "We increased the threshold value.",
					"correct": "True"
				},
				{
					"option": "We decreased the threshold value.",
					"correct": "False"
				}
			],
			"correct_feedback": "Correct",
			"wrong_feedback": "Incorrect"
		}
	]

}]