[
	{
		"title":"Video on CART in R",
		"activityType":"youtubevideo",
		"videoURL":"jerCpGeHfxQ"
	},
	{
	"title":"CART in R",
	"activityType": "reading",
	"quizDescription": [
		{
			"text": "In the next few videos, we'll be using the dataset<a href=\"https://prod-edxapp.edx-cdn.org/assets/courseware/v1/80dfa0ae5eb3fa2013a34507cd58fabb/asset-v1:MITx+15.071x+3T2018+type@asset+block/stevens.csv\">stevens.csv</a> to build trees in R. Please download the dataset to follow along. This data comes from the <a href=\"http://wusct.wustl.edu/data.php\">data.php</a>"
		}
	]
	}
]