[
	{
		"title":"Video on MRI Image",
		"activityType":"youtubevideo",
		"videoURL":"_fhQguYNbug"
	},
	{
	"title":"MRI Image",
	"activityType": "reading",
	"quizDescription": [
		{
			"text": "The following video on MRI image asks you to run the \"dist\" function on a large vector, in order to demonstrate an error related to memory. Some students have found that running this function causes computer memory errors on their personal computers that can take up to an hour to resolve.<br><br>We suggest that you not run the \"dist\" function the first time it comes up in the video if you are following along in R"
		}
	]
	}
]